day,users,new_users,sessions_per_user,sessions,avg_session_length,bounce_rate,pageviews,pages_per_section
1/1/13,67283,17706,1.05,68825.0,0:01:46,0.8,82590,1.15
1/2/13,123942,53118,1.03,,0:01:25,0.7222,182645,1.44
1/3/13,194766,88530,1.13,,0:01:05,0.7742,286954,1.31
1/4/13,237261,123942,1.09,,0:02:09,0.8767,331373,1.15
1/5/13,134566,60200,1.13,,0:01:35,0.7674,194671,1.26
1/6/13,145189,74365,1.1,,0:01:25,0.8667,197954,1.27
1/7/13,283296,92071,1.15,,0:01:15,0.8151999999999999,418191,1.5
1/8/13,336414,177060,1.12,,0:01:08,0.8019,474146,1.27
1/9/13,343497,198307,1.13,,0:00:43,0.8726999999999999,493641,1.15
1/10/13,396615,226637,1.15,,0:01:04,0.8371999999999999,573630,1.32
1/11/13,350579,201849,1.09,,0:00:47,0.8981,477314,1.23
1/12/13,180601,84989,1.18,,0:00:30,0.8833,264887,1.15
1/13/13,141648,63742,1.12,,0:01:34,0.8443999999999999,204052,1.24
1/14/13,212472,84989,1.13,,0:01:05,0.8676,310141,1.25
1/15/13,240802,92071,1.15,,0:02:36,0.7308,360446,1.56
1/16/13,262049,102695,1.2,,0:01:46,0.7865000000000001,417175,1.64
1/17/13,311626,166437,1.2,,0:00:48,0.8208,477450,1.35
1/18/13,470980,283296,1.08,,0:01:16,0.8462000000000001,629763,1.29
1/19/13,216013,99154,1.18,,0:01:43,0.8332999999999999,313924,1.21
1/20/13,226637,138107,1.11,,0:01:51,0.8732,309176,1.13
1/21/13,240802,131024,1.13,,0:01:07,0.8442000000000001,346669,1.26
1/22/13,251425,120401,1.17,,0:00:49,0.7831,386346,1.47
1/23/13,403697,212472,1.22,,0:01:43,0.7338,612077,1.55
1/24/13,301002,145189,1.14,,0:01:13,0.8556999999999999,444569,1.29
1/25/13,244343,113318,1.2,,0:00:54,0.8554,376221,1.34
1/26/13,219555,84989,1.23,,0:02:37,0.7631999999999999,334951,1.49
1/27/13,233719,120401,1.3,,0:00:44,0.8256,373044,1.26
1/28/13,226637,106236,1.2,,0:01:49,0.7792,360011,1.44
1/29/13,233719,84989,1.29,,0:00:42,0.8353,385543,1.26
1/30/13,290379,113318,1.24,,0:02:21,0.7646999999999999,464720,1.48
1/31/13,272673,102695,1.18,,0:01:10,0.8351999999999999,415376,1.21
2/1/13,173519,53118,1.37,,0:02:27,0.8059999999999999,306561,2.1
2/2/13,212472,95612,1.13,,0:00:58,0.8234999999999999,294284,1.41
2/3/13,159354,74365,1.18,,0:02:25,0.8491,224356,2.09
2/4/13,364744,184143,1.17,,0:00:38,0.875,524707,1.16
2/5/13,375367,187684,1.19,,0:02:10,0.7302,567740,1.43
2/6/13,297461,127483,1.25,,0:02:27,0.7333,483017,1.59
2/7/13,432027,233719,1.15,,0:00:52,0.8571,624027,1.24
2/8/13,385991,194766,1.2,,0:01:50,0.8244,591208,1.38
2/9/13,212472,74365,1.17,,0:01:04,0.8571,310779,1.19
2/10/13,442650,269131,1.07,,0:00:45,0.8881,549629,1.31
2/11/13,339955,173519,1.14,,0:00:42,0.9083,482699,1.11
2/12/13,304543,148731,1.13,,0:00:56,0.7938,430041,1.35
2/13/13,378909,194766,1.17,,0:01:36,0.76,570457,1.25
2/14/13,339955,141648,1.16,,0:01:22,0.7837999999999999,514563,1.4
2/15/13,736570,446192,1.12,,0:00:53,0.8454999999999999,1005807,1.16
2/16/13,513474,322249,1.15,,0:01:05,0.8683,715322,1.23
2/17/13,410780,254967,1.13,,0:01:31,0.8779,561459,1.27
2/18/13,640958,361203,1.13,,0:02:56,0.8234999999999999,887692,1.26
2/19/13,701158,442650,1.13,,0:00:35,0.8571,979464,1.29
2/20/13,1628953,1072984,1.08,,0:01:26,0.8514,2118408,1.26
2/21/13,1551047,1080067,1.1,,0:01:38,0.8542000000000001,2028004,1.16
2/22/13,927795,605546,1.11,,0:01:10,0.8212999999999999,1266772,1.24
2/23/13,453274,262049,1.07,,0:00:42,0.8686,598656,1.13
2/24/13,371826,240802,1.05,,0:00:46,0.9091,481739,1.24
2/25/13,591381,308085,1.1,,0:00:54,0.8852,823019,1.19
2/26/13,531180,304543,1.18,,0:00:50,0.8475,791450,1.3
2/27/13,488686,233719,1.08,,0:04:12,0.8255,664546,1.25
2/28/13,432027,216013,1.1,,0:01:16,0.7909999999999999,617567,1.25
3/1/13,343497,180601,1.12,,0:01:20,0.8073,519943,1.28
3/2/13,233719,123942,1.12,,0:02:38,0.8919,346904,1.84
3/3/13,272673,152272,1.17,,0:01:35,0.8,414606,1.47
3/4/13,885301,478062,1.11,,0:01:21,0.87,1220283,1.2
3/5/13,704699,375367,1.14,,0:01:27,0.8767,1000791,1.36
3/6/13,725947,361203,1.08,,0:02:45,0.552,987194,1.38
3/7/13,757817,400156,1.08,,0:04:49,0.0,1056107,1.37
3/8/13,555969,244343,1.11,,0:05:04,0.0,820416,1.43
3/9/13,400156,187684,1.12,,0:04:23,0.0,584391,1.19
3/10/13,283296,169978,1.07,,0:08:53,0.0,399686,1.12
3/11/13,389532,194766,1.04,,0:05:00,0.0,544358,1.39
3/12/13,378909,169978,1.06,,0:08:42,0.0,538402,1.21
3/13/13,502851,223096,1.13,,0:11:36,0.0062,765348,1.41
3/14/13,417862,166437,1.1,,0:05:50,0.0077,624033,1.22
3/15/13,410780,180601,1.19,,0:03:54,0.0,704887,1.53
3/16/13,393073,177060,1.14,,0:02:01,0.0,601922,1.4
3/17/13,410780,205390,1.21,,0:02:15,0.0,667888,1.76
3/18/13,640958,364744,1.14,,0:01:17,0.0,962500,1.36
3/19/13,520557,308085,1.12,,0:01:46,0.0,758406,1.49
3/20/13,456815,201849,1.16,,0:01:18,0.0,713898,1.28
3/21/13,757817,385991,1.11,,0:01:41,0.0,1092453,1.36
3/22/13,888842,474521,1.1,,0:00:38,0.0,1245357,1.17
3/23/13,718864,403697,1.05,,0:00:33,0.0,982271,1.23
3/24/13,524098,269131,1.16,,0:02:36,0.0,814940,1.51
3/25/13,616169,279755,1.07,,0:01:45,0.0,885512,2.53
3/26/13,630334,332873,1.18,,0:01:42,0.0,980272,1.55
3/27/13,931336,432027,1.12,,0:02:23,0.0,1338603,1.31
3/28/13,725947,347038,1.22,,0:02:11,0.0,1184621,1.32
3/29/13,686993,262049,1.15,,0:02:31,0.0,1092182,1.34
3/30/13,506392,251425,1.15,,0:04:42,0.0,776944,1.45
3/31/13,545345,240802,1.08,,0:04:04,0.0,786586,1.32
4/1/13,552428,237261,1.13,,0:02:16,0.0,846615,1.25
4/2/13,517016,198307,1.22,,0:03:32,0.0,855018,1.55
4/3/13,605546,237261,1.15,,0:03:11,0.0,933142,1.21
4/4/13,573675,269131,1.17,,0:03:04,0.0,891485,1.17
4/5/13,715323,322249,1.15,,0:02:17,0.0,1080478,1.58
4/6/13,495768,247884,1.16,,0:02:35,0.0062,754653,1.1
4/7/13,439109,201849,1.19,,0:08:34,0.0,691893,1.44
4/8/13,725947,276214,1.2,,0:03:57,0.0,1114904,1.29
4/9/13,633875,262049,1.12,,0:04:42,0.0,930955,1.31
4/10/13,538263,230178,1.13,,0:04:08,0.0,806569,1.35
4/11/13,481604,177060,1.18,,0:03:03,0.0,754674,1.48
4/12/13,609087,244343,1.11,,0:12:58,0.0,881698,1.23
4/13/13,414321,191225,1.12,,0:03:08,0.0,603665,1.11
4/14/13,332873,113318,1.14,,0:04:38,0.0,484129,1.16
4/15/13,357661,131024,1.16,,0:15:53,0.0,549031,1.6
4/16/13,587840,276214,1.06,,0:03:39,0.0,764487,1.24
4/17/13,2099933,1455434,1.08,,0:04:43,0.0,2692310,1.3
4/18/13,1366904,757817,1.08,,0:05:48,0.0048,1826163,1.11
4/19/13,810935,467439,1.07,,0:07:59,0.0,1075043,1.23
4/20/13,669287,329332,1.16,,0:02:22,0.0,973815,1.17
4/21/13,428486,198307,1.12,,0:03:15,0.0,610553,1.6
4/22/13,499310,191225,1.14,,0:03:01,0.0,733007,1.25
4/23/13,573675,272673,1.15,,0:04:34,0.0,828837,1.16
4/24/13,587840,230178,1.14,,0:05:35,0.0053,864919,1.17
4/25/13,825100,403697,1.1,,0:05:34,0.0,1110792,1.35
4/26/13,881759,453274,1.09,,0:05:07,0.0,1202986,1.16
4/27/13,612628,354120,1.1,,0:08:01,0.0,827262,1.24
4/28/13,524098,262049,1.16,,0:06:06,0.0,740171,1.12
4/29/13,980913,442650,1.17,,0:04:10,0.0,1419776,1.33
4/30/13,729488,315167,1.14,,0:04:28,0.0,1061223,1.26
5/1/13,662205,258508,1.11,,0:04:44,0.0,928304,1.22
5/2/13,1023408,538263,1.1,,0:04:35,0.0,1360132,1.2
5/3/13,941960,474521,1.06,,0:05:51,0.0,1224434,1.29
5/4/13,485145,208931,1.08,,0:03:37,0.0,644391,1.23
5/5/13,446192,201849,1.06,,0:06:23,0.0,588875,1.2
5/6/13,658664,290379,1.1,,0:06:50,0.0,925097,1.21
5/7/13,775523,357661,1.11,,0:04:37,0.0,1095649,1.19
5/8/13,800312,336414,1.11,,0:04:42,0.0,1125346,1.26
5/9/13,2531960,1586459,1.08,,0:03:55,0.0013,3197230,1.1
5/10/13,1869755,1172138,1.04,,0:05:05,0.0018,2308621,1.12
5/11/13,697617,393073,1.11,,0:06:19,0.0,975856,1.17
5/12/13,357661,169978,1.12,,0:09:11,0.0,534078,1.35
5/13/13,775523,350579,1.12,,0:04:59,0.0,1102156,1.19
5/14/13,980913,456815,1.07,,0:02:41,0.0,1329649,1.32
5/15/13,1767060,1002160,1.1,,0:03:33,0.0,2356716,1.19
5/16/13,1335033,655122,1.08,,0:04:17,0.0025,1801143,1.25
5/17/13,662205,318708,1.12,,0:03:49,0.0,954689,1.19
5/18/13,456815,230178,1.09,,0:02:51,0.0,656676,1.26
5/19/13,832183,318708,1.19,,0:03:15,0.0,1270866,1.28
5/20/13,1891002,1069443,1.09,,0:05:51,0.0,2496765,1.13
5/21/13,7425902,5619889,1.07,,0:12:02,0.0,9055365,1.13
5/22/13,4408797,3151670,1.08,,0:09:47,0.0,5467922,1.14
5/23/13,2025568,1200468,1.07,,0:10:26,0.0,2553245,1.17
5/24/13,1080067,566592,1.11,,0:09:26,0.0,1465019,1.26
5/25/13,662205,290379,1.12,,0:03:52,0.0,887807,1.13
5/26/13,499310,216013,1.13,,0:05:56,0.0,683591,1.06
5/27/13,513474,194766,1.17,,0:07:33,0.0118,740654,1.08
5/28/13,531180,226637,1.15,,0:04:48,0.0,764099,1.33
5/29/13,598463,240802,1.14,,0:07:39,0.0,859401,1.32
5/30/13,860512,449733,1.09,,0:04:32,0.0,1150337,1.14
5/31/13,3155212,1657283,1.08,,0:10:45,0.001,3990245,1.28
6/1/13,2078686,1218174,1.06,,0:10:01,0.0,2583221,1.1
6/2/13,998619,485145,1.09,,0:07:04,0.0,1310142,1.37
6/3/13,839265,382450,1.11,,0:06:30,0.0,1187211,1.2
6/4/13,764900,343497,1.09,,0:04:36,0.0,1059268,1.25
6/5/13,903007,492227,1.08,,0:08:05,0.0073,1215472,1.2
6/6/13,1012784,488686,1.08,,0:04:05,0.0032,1350053,1.27
6/7/13,1508552,701158,1.08,,0:05:00,0.0,1947515,1.12
6/8/13,1136726,495768,1.08,,0:06:45,0.0029,1462916,1.14
6/9/13,917171,439109,1.1,,0:05:39,0.0,1214246,1.19
6/10/13,917171,368285,1.12,,0:09:07,0.0,1283596,1.35
6/11/13,1154432,488686,1.13,,0:03:56,0.0027,1616095,1.24
6/12/13,1119020,517016,1.09,,0:06:04,0.0,1510833,1.24
6/13/13,1072984,502851,1.14,,0:05:16,0.0029,1545173,1.35
6/14/13,708241,262049,1.12,,0:04:17,0.0044,1028170,1.28
6/15/13,630334,308085,1.13,,0:04:09,0.0,905381,1.19
6/16/13,594922,208931,1.11,,0:05:42,0.0,866929,1.21
6/17/13,619710,251425,1.14,,0:08:04,0.01,943855,1.28
6/18/13,899465,343497,1.16,,0:05:24,0.0,1331205,1.15
6/19/13,910089,364744,1.14,,0:06:42,0.0068000000000000005,1345025,1.33
6/20/13,1696236,846347,1.09,,0:05:16,0.0,2350183,1.21
6/21/13,1572294,842806,1.08,,0:03:57,0.0,2167560,1.16
6/22/13,832183,396615,1.09,,0:05:42,0.0,1149128,1.17
6/23/13,609087,269131,1.16,,0:04:04,0.0,909779,1.21
6/24/13,963207,354120,1.17,,0:06:03,0.0031,1441403,1.2
6/25/13,1271292,605546,1.11,,0:11:03,0.0754,1781044,1.22
6/26/13,1696236,832183,1.11,,0:09:42,0.09230000000000001,2357433,1.42
6/27/13,1324410,602004,1.11,,0:09:27,0.1304,1850445,1.22
6/28/13,1250045,520557,1.13,,0:08:43,0.1025,1718789,1.15
6/29/13,980913,488686,1.12,,0:09:15,0.1456,1320819,1.17
6/30/13,814477,389532,1.12,,0:05:50,0.1479,1112585,1.13
7/1/13,991537,382450,1.14,,0:10:52,0.1317,1444430,1.23
7/2/13,1140267,442650,1.14,,0:04:06,0.125,1655177,1.18
7/3/13,1285457,580757,1.09,,0:05:49,0.1234,1800347,1.32
7/4/13,885301,332873,1.16,,0:05:30,0.1176,1313041,1.24
7/5/13,722405,301002,1.14,,0:06:14,0.1459,1079168,1.2
7/6/13,552428,216013,1.07,,0:14:16,0.1198,764263,1.24
7/7/13,616169,230178,1.14,,0:04:28,0.1759,872954,1.26
7/8/13,1274833,559510,1.13,,0:05:06,0.1278,1787653,1.18
7/9/13,4692094,2726726,1.08,,0:05:09,0.13470000000000001,5801301,1.17
7/10/13,2471759,1370445,1.06,,0:05:04,0.10769999999999999,3149382,1.16
7/11/13,1423563,725947,1.07,,0:06:20,0.1206,1939959,1.26
7/12/13,1111938,481604,1.13,,0:06:06,0.1152,1626948,1.23
7/13/13,892383,339955,1.1,,0:03:35,0.1304,1241872,1.2
7/14/13,878218,364744,1.13,,0:04:42,0.1075,1242697,1.2
7/15/13,1115479,481604,1.13,,0:04:38,0.1545,1583199,1.17
7/16/13,1837884,832183,1.14,,0:06:09,0.08779999999999999,2591581,1.28
7/17/13,1565212,757817,1.11,,0:09:37,0.1207,2135776,1.17
7/18/13,1296080,602004,1.11,,0:09:11,0.1432,1802697,1.6
7/19/13,1267751,587840,1.13,,0:05:46,0.1773,1783809,1.32
7/20/13,973831,463898,1.12,,0:04:52,0.1461,1342056,1.63
7/21/13,1072984,509933,1.15,,0:05:43,0.16670000000000001,1507499,1.14
7/22/13,1536882,694076,1.1,,0:04:48,0.1294,2065761,1.21
7/23/13,1763519,860512,1.15,,0:04:10,0.12240000000000001,2516096,1.23
7/24/13,1331492,626793,1.11,,0:04:09,0.16510000000000002,1851716,1.29
7/25/13,1175679,474521,1.12,,0:03:11,0.1375,1640886,1.29
7/26/13,1101314,456815,1.1,,0:03:01,0.1433,1503631,1.17
7/27/13,725947,368285,1.12,,0:07:36,0.1266,1019514,1.3
7/28/13,747194,269131,1.12,,0:07:18,0.16879999999999998,1062556,1.25
7/29/13,903007,389532,1.18,,0:03:43,0.1867,1398808,1.42
7/30/13,1143808,417862,1.15,,0:05:23,0.1448,1740105,1.51
7/31/13,1430646,630334,1.1,,0:03:37,0.12359999999999999,1975778,1.24
8/1/13,1115479,435568,1.1,,0:07:20,0.0928,1534354,1.23
8/2/13,1175679,534722,1.14,,0:06:03,0.1376,1680698,1.16
8/3/13,846347,357661,1.17,,0:06:17,0.1429,1262876,1.25
8/4/13,715323,230178,1.18,,0:05:46,0.1381,1097404,1.26
8/5/13,959666,393073,1.14,,0:04:46,0.12300000000000001,1416732,1.38
8/6/13,1133185,449733,1.12,,0:03:48,0.1341,1630785,1.31
8/7/13,1611247,740111,1.12,,0:03:33,0.149,2267703,1.37
8/8/13,1505011,658664,1.11,,0:03:55,0.1438,2087555,1.14
8/9/13,1483764,733029,1.1,,0:04:22,0.1307,2033283,1.16
8/10/13,892383,385991,1.09,,0:06:18,0.1564,1227975,1.51
8/11/13,771982,332873,1.12,,0:03:08,0.1311,1075542,1.29
8/12/13,1016325,485145,1.13,,0:05:24,0.1358,1485425,1.44
8/13/13,1317327,694076,1.11,,0:05:46,0.1117,1866952,1.35
8/14/13,1618330,708241,1.1,,0:04:37,0.1375,2209258,1.26
8/15/13,2099933,1175679,1.13,,0:05:33,0.1076,2889351,1.2
8/16/13,1830802,895924,1.09,,0:02:56,0.1365,2461124,1.18
8/17/13,949042,428486,1.08,,0:08:01,0.1384,1276305,1.11
8/18/13,892383,432027,1.1,,0:03:46,0.1583,1227676,1.27
8/19/13,888842,332873,1.19,,0:04:53,0.12369999999999999,1384564,1.36
8/20/13,1129644,485145,1.16,,0:03:28,0.16440000000000002,1710089,1.31
8/21/13,1228797,517016,1.11,,0:04:20,0.1429,1775850,1.23
8/22/13,1285457,559510,1.1,,0:03:59,0.15789999999999998,1835754,1.33
8/23/13,1310245,488686,1.15,,0:07:08,0.1557,1890425,1.43
8/24/13,1179220,492227,1.08,,0:05:05,0.1551,1568667,1.15
8/25/13,970290,371826,1.11,,0:08:07,0.1349,1343378,1.18
8/26/13,1009243,435568,1.09,,0:06:00,0.1442,1445713,1.28
8/27/13,1108396,456815,1.11,,0:07:52,0.1354,1578889,1.42
8/28/13,1696236,750735,1.11,,0:06:06,0.1525,2342163,1.28
8/29/13,1575835,701158,1.11,,0:06:55,0.11789999999999999,2195644,1.39
8/30/13,1667906,764900,1.11,,0:04:10,0.1401,2320323,1.28
8/31/13,1519176,662205,1.11,,0:05:20,0.1321,2079785,1.23
9/1/13,1830802,888842,1.1,,0:03:27,0.1252,2444609,1.16
9/2/13,1919332,952584,1.07,,0:04:52,0.1107,2520127,1.21
9/3/13,1646659,757817,1.12,,0:06:13,0.1363,2313185,1.34
9/4/13,2832962,1423563,1.07,,0:05:02,0.1148,3656754,1.22
9/5/13,3105635,1607706,1.09,,0:06:00,0.1365,4070641,1.15
9/6/13,1731648,825100,1.1,,0:08:29,0.17809999999999998,2401455,1.21
9/7/13,1366904,669287,1.1,,0:07:36,0.1341,1926304,1.38
9/8/13,931336,410780,1.13,,0:05:12,0.1757,1344223,1.41
9/9/13,1338575,552428,1.15,,0:06:10,0.1363,1985853,1.39
9/10/13,2932116,1441269,1.09,,0:05:16,0.1192,3906254,1.17
9/11/13,3704098,2174298,1.07,,0:06:32,0.1038,4684618,1.16
9/12/13,2446971,1331492,1.09,,0:06:39,0.1164,3293980,1.33
9/13/13,1604165,655122,1.08,,0:08:57,0.1595,2200822,1.13
9/14/13,1540423,612628,1.1,,0:04:51,0.1438,2174209,1.34
9/15/13,1458976,580757,1.1,,0:04:54,0.1586,2056473,1.33
9/16/13,2199087,853430,1.12,,0:06:07,0.1463,3149367,1.27
9/17/13,3286236,1352739,1.12,,0:07:35,0.13390000000000002,4580477,1.21
9/18/13,2723185,1221715,1.09,,0:07:16,0.1449,3777947,1.38
9/19/13,2415100,1009243,1.1,,0:05:53,0.16820000000000002,3355913,1.24
9/20/13,2266370,1048196,1.12,,0:05:15,0.1743,3210291,1.3
9/21/13,1558129,655122,1.15,,0:08:04,0.1693,2308417,1.31
9/22/13,1370445,527639,1.13,,0:04:29,0.1716,1988266,1.28
9/23/13,1742272,637416,1.12,,0:06:33,0.1494,2484864,1.36
9/24/13,1728107,733029,1.08,,0:04:04,0.19510000000000002,2369228,1.2
9/25/13,2174298,963207,1.12,,0:05:32,0.1837,3062440,1.27
9/26/13,2857751,1168597,1.14,,0:05:49,0.12380000000000001,4094432,1.24
9/27/13,2730267,1172138,1.09,,0:06:19,0.11410000000000001,3724942,1.14
9/28/13,1990156,885301,1.12,,0:08:26,0.1094,2816496,1.35
9/29/13,1834343,782606,1.08,,0:09:27,0.0943,2503102,1.19
9/30/13,2613408,1051737,1.14,,0:07:11,0.11220000000000001,3717963,1.2
10/1/13,2659443,1179220,1.08,,0:09:36,0.09960000000000001,3542142,1.29
10/2/13,2478842,1069443,1.08,,0:09:52,0.1054,3278370,1.21
10/3/13,1795390,729488,1.08,,0:05:29,0.1355,2446220,1.23
10/4/13,1674989,640958,1.11,,0:08:09,0.1082,2360061,1.41
10/5/13,1526258,584298,1.12,,0:05:59,0.1058,2145447,1.26
10/6/13,1441269,626793,1.09,,0:06:23,0.08779999999999999,1973380,1.19
10/7/13,1738731,704699,1.11,,0:07:12,0.1081,2440387,1.2
10/8/13,2762138,1122561,1.11,,0:05:06,0.0967,3652618,1.17
10/9/13,3930735,1809555,1.11,,0:05:34,0.10529999999999999,5359942,1.22
10/10/13,3385390,1586459,1.1,,0:03:31,0.1114,4555189,1.33
10/11/13,2815256,1281915,1.07,,0:03:56,0.13470000000000001,3706752,1.2
10/12/13,1536882,619710,1.12,,0:05:30,0.1335,2150568,1.26
10/13/13,1628953,591381,1.1,,0:04:19,0.1578,2229221,1.24
10/14/13,1958285,803853,1.1,,0:04:42,0.1494,2724181,1.24
10/15/13,2478842,1104855,1.1,,0:05:11,0.1282,3369066,1.21
10/16/13,3098552,1285457,1.12,,0:06:26,0.125,4279598,1.31
10/17/13,3027728,1296080,1.09,,0:07:16,0.09970000000000001,4042148,1.2
10/18/13,2252205,949042,1.11,,0:06:56,0.1121,3110138,1.25
10/19/13,1306704,534722,1.14,,0:06:20,0.152,1888561,1.29
10/20/13,1604165,669287,1.13,,0:04:28,0.1323,2272782,1.31
10/21/13,1685612,633875,1.1,,0:06:16,0.1128,2310862,1.29
10/22/13,1646659,658664,1.08,,0:05:26,0.1329,2275056,1.32
10/23/13,1990156,835724,1.15,,0:06:08,0.1349,2907534,1.34
10/24/13,1791849,803853,1.13,,0:04:58,0.1419,2567642,1.25
10/25/13,1979532,818018,1.12,,0:06:10,0.1358,2822360,1.25
10/26/13,1104855,421403,1.15,,0:05:38,0.1592,1623695,1.21
10/27/13,1150891,396615,1.16,,0:06:57,0.14550000000000002,1715222,1.45
10/28/13,1997238,718864,1.16,,0:05:11,0.1298,3016408,1.41
10/29/13,2117639,747194,1.14,,0:05:08,0.1338,3150229,1.28
10/30/13,7192183,3636815,1.12,,0:04:33,0.08839999999999999,9881870,1.2
10/31/13,6788486,3976771,1.07,,0:03:35,0.07919999999999999,8809373,1.21
11/1/13,4277773,1915791,1.1,,0:05:59,0.1149,5941750,1.27
11/2/13,2404477,1083608,1.12,2689687.0,0:05:10,0.1186,3771619,1.49
11/3/13,2312405,963207,1.19,2739241.0,0:04:32,0.1253,3496318,1.31
11/4/13,3236659,1384610,1.08,3482553.0,0:04:58,0.126,4564485,1.34
11/5/13,3792628,1646659,1.1,4176311.0,0:04:38,0.11779999999999999,5318808,1.24
11/6/13,6969087,3530579,1.1,7689147.0,0:04:59,0.1206,9517143,1.25
11/7/13,9483341,4872695,1.1,10406364.0,0:05:23,0.1412,12352740,1.19
11/8/13,8123519,4008641,1.1,8897717.0,0:05:43,0.1353,11061580,1.26
11/9/13,5258686,2446971,1.09,5748277.0,0:05:41,0.1398,6989883,1.22
11/10/13,3714722,1604165,1.1,4077202.0,0:05:31,0.1684,4864562,1.2
11/11/13,4012183,1625412,1.14,4569991.0,0:05:29,0.1549,5913458,1.28
11/12/13,4773541,1922873,1.12,5360103.0,0:06:45,0.1506,6816444,1.26
11/13/13,4405256,1891002,1.08,4776466.0,0:05:25,0.1868,5638157,1.16
11/14/13,3534120,1462517,1.12,3958823.0,0:05:13,0.1834,5142616,1.31
11/15/13,2843586,977372,1.13,3198993.0,0:04:48,0.18359999999999999,4074449,1.27
11/16/13,2553207,1051737,1.12,2854868.0,0:07:48,0.17370000000000002,3515589,1.2
11/17/13,3374766,1590000,1.12,3763360.0,0:05:25,0.2004,4250642,1.13
11/18/13,5471158,2939198,1.08,5929976.0,0:04:01,0.1642,7113768,1.2
11/19/13,9401893,4723964,1.1,10359563.0,0:03:39,0.23309999999999997,12129746,1.16
11/20/13,8945078,4635434,1.09,9729125.0,0:04:54,0.2737,11317609,1.17
11/21/13,6193564,2847127,1.09,6775149.0,0:04:34,0.2483,8033273,1.18
11/22/13,4780624,2149510,1.11,5307796.0,0:04:45,0.2422,6271349,1.19
11/23/13,4741670,2131804,1.11,5241724.0,0:03:42,0.2248,6125439,1.17
11/24/13,4359221,1912249,1.12,4859056.0,0:05:09,0.21489999999999998,5723500,1.2
11/25/13,4968307,2156592,1.1,5489495.0,0:03:27,0.2168,6392481,1.17
11/26/13,5942138,2716102,1.12,6623733.0,0:01:57,0.2865,7779996,1.18
11/27/13,4585857,2110557,1.09,5004966.0,0:02:04,0.3296,5885928,1.16
11/28/13,2443430,1119020,1.09,2673169.0,0:03:05,0.3232,3135674,1.16
11/29/13,1919332,828641,1.12,2155604.0,0:02:15,0.3235,2623615,1.23
11/30/13,2216793,1005702,1.1,2439164.0,0:01:54,0.3077,3058590,1.18
12/1/13,2478842,970290,1.1,2739241.0,0:02:09,0.3467,3243042,1.19
12/2/13,3102094,1299621,1.14,3521095.0,0:03:27,0.3497,4446105,1.26
12/3/13,3300401,1522717,1.12,3691782.0,0:03:02,0.2857,5018731,1.39
12/4/13,3519955,1565212,1.12,3931293.0,0:04:31,0.2928,5985036,1.55
12/5/13,5446370,2471759,1.12,6092403.0,0:02:41,0.3016,8782090,1.47
12/6/13,6643296,3325189,1.11,7347774.0,0:02:53,0.24480000000000002,10142075,1.41
12/7/13,4511492,2305323,1.08,4883833.0,0:02:53,0.2451,6615474,1.36
12/8/13,3640356,1752895,1.08,3936799.0,0:02:29,0.2635,5511519,1.35
12/9/13,3693474,1682071,1.1,4074449.0,0:04:45,0.265,6075885,1.51
12/10/13,4228196,1972450,1.08,4575497.0,0:03:06,0.2701,6703571,1.44
12/11/13,4203408,1798931,1.1,4641569.0,0:04:39,0.2723,6843974,1.41
12/12/13,4539822,1887461,1.12,5062779.0,0:03:37,0.2853,7077979,1.4
12/13/13,4270690,1784766,1.11,4757195.0,0:03:38,0.2731,6766890,1.43
12/14/13,3502249,1533341,1.08,3790890.0,0:02:33,0.2642,5415164,1.4
12/15/13,2786927,1150891,1.08,3020048.0,0:04:24,0.2685,4611286,1.55
12/16/13,3643898,1416481,1.17,4258901.0,0:03:24,0.2535,6287867,1.49
12/17/13,3442049,1444811,1.09,3763360.0,0:02:38,0.3951,5203182,1.37
12/18/13,3824499,1643118,1.1,4203841.0,0:02:01,0.7953,5891434,1.41
12/19/13,3803252,1487305,1.12,4272666.0,0:01:49,0.7904000000000001,5905199,1.38
12/20/13,2914410,1239421,1.09,3176969.0,0:01:39,0.7970999999999999,4278172,1.36
12/21/13,2025568,888842,1.08,2194146.0,0:01:30,0.8290000000000001,2929199,1.31
12/22/13,2379688,938419,1.13,2681428.0,0:01:28,0.8111,3510083,1.31
12/23/13,3881158,1646659,1.11,4313961.0,0:01:34,0.8062,5938235,1.36
12/24/13,3519955,1402316,1.09,3851456.0,0:01:20,0.8061,5024237,1.33
12/25/13,1636036,538263,1.09,1789454.0,0:01:41,0.7920999999999999,2516248,1.42
12/26/13,2082227,796771,1.12,2337302.0,0:01:50,0.7394,3386198,1.45
12/27/13,2624031,1037572,1.11,2912681.0,0:01:29,0.7789,4212100,1.45
12/28/13,3658062,1505011,1.1,4030401.0,0:01:03,0.8058,5283019,1.29
12/29/13,3353519,1402316,1.08,3631215.0,0:01:11,0.8166,4644322,1.29
12/30/13,3562450,1356281,1.14,4060684.0,0:01:46,0.7942,6075885,1.51
12/31/13,2659443,1019866,1.12,2967741.0,0:01:26,0.7983,3928540,1.35
1/1/14,1628953,566592,1.1,1792207.0,0:01:53,0.7826000000000001,2711711,1.42
1/2/14,2755056,1147350,1.1,3017295.0,0:01:33,0.7981,4190076,1.38
1/3/14,2592160,1069443,1.12,2912681.0,0:01:21,0.8140999999999999,3986353,1.4
1/4/14,2974610,1239421,1.11,3300855.0,0:01:35,0.8176000000000001,4600274,1.44
1/5/14,2613408,1108396,1.1,2868633.0,0:00:59,0.8198000000000001,3818420,1.33
1/6/14,2606325,1019866,1.13,2951223.0,0:01:42,0.7974,4190076,1.38
1/7/14,3052517,1264209,1.11,3394457.0,0:01:31,0.8279000000000001,4815008,1.45
1/8/14,4217572,1579376,1.12,4707641.0,0:01:22,0.8248000000000001,6249324,1.32
1/9/14,4221114,1855590,1.07,4525942.0,0:01:27,0.8247,6117180,1.37
1/10/14,2701938,984454,1.11,2995271.0,0:01:40,0.7979,4118498,1.36
1/11/14,2372606,853430,1.12,2651145.0,0:01:21,0.8371,3540366,1.33
1/12/14,2202628,864053,1.07,2364832.0,0:01:13,0.8099,3504577,1.47
1/13/14,2751514,1002160,1.11,3061343.0,0:01:37,0.8020999999999999,4203841,1.32
1/14/14,3353519,1239421,1.13,3774372.0,0:01:44,0.7917000000000001,5417917,1.47
1/15/14,2496548,913630,1.15,2865880.0,0:02:01,0.7651,4225865,1.52
1/16/14,2446971,913630,1.15,2810820.0,0:01:35,0.7947,3752348,1.36
1/17/14,2170757,779065,1.15,2507989.0,0:01:53,0.8093,3609191,1.45
1/18/14,2404477,856971,1.11,2678675.0,0:01:32,0.7884,3942305,1.48
1/19/14,2163675,786147,1.14,2458435.0,0:01:29,0.8043,3295349,1.34
1/20/14,1682071,594922,1.15,1932610.0,0:01:49,0.7981999999999999,2893410,1.53
1/21/14,2408018,888842,1.12,2697946.0,0:01:26,0.7835,3548625,1.33
1/22/14,2751514,1090690,1.13,3102638.0,0:01:56,0.7979,4322220,1.43
1/23/14,2779844,1058820,1.1,3069602.0,0:01:10,0.8454,4107486,1.29
1/24/14,2917951,1076526,1.11,3248548.0,0:01:06,0.841,4245136,1.31
1/25/14,2029109,906548,1.08,2194146.0,0:01:10,0.8484,2843856,1.31
1/26/14,2602784,1058820,1.08,2819079.0,0:01:00,0.8744,3573402,1.28
1/27/14,2060980,782606,1.11,2290501.0,0:01:41,0.8315,3097132,1.3
1/28/14,1997238,718864,1.15,2304266.0,0:01:19,0.8249,3011789,1.32
1/29/14,2847127,980913,1.13,3218264.0,0:01:45,0.7656999999999999,4360762,1.38
1/30/14,2956904,1051737,1.13,3353162.0,0:01:22,0.7994,4498412,1.32
1/31/14,2124722,814477,1.15,2444670.0,0:01:24,0.8,3405469,1.36
2/1/14,1671448,580757,1.11,1861032.0,0:01:11,0.8441,2477706,1.33
2/2/14,2192004,803853,1.11,2428152.0,0:01:16,0.8409,3212758,1.31
2/3/14,3498708,1267751,1.16,4046919.0,0:00:53,0.8373,5040755,1.24
2/4/14,3374766,1306704,1.13,3818420.0,0:01:36,0.8210999999999999,4927881,1.31
2/5/14,3017105,1288998,1.1,3331138.0,0:01:27,0.7990999999999999,4514930,1.37
2/6/14,3112717,1228797,1.09,3386198.0,0:01:13,0.8210999999999999,4267160,1.28
2/7/14,3162294,1331492,1.1,3474294.0,0:01:13,0.8126000000000001,4506671,1.31
2/8/14,3151670,1189844,1.13,3562390.0,0:00:57,0.8539,4583756,1.26
2/9/14,4107795,1671448,1.09,4481894.0,0:01:00,0.8215,5729006,1.32
2/10/14,6537060,2790468,1.1,7157817.0,0:00:55,0.8531,8930753,1.21
2/11/14,3973229,1632494,1.09,4327726.0,0:01:17,0.8118000000000001,5729006,1.31
2/12/14,4206949,1646659,1.1,4625051.0,0:01:21,0.843,5998801,1.32
2/13/14,4245902,1710401,1.11,4713147.0,0:01:26,0.8371,6395234,1.36
2/14/14,2808174,1087149,1.12,3132921.0,0:01:20,0.8362,4135016,1.31
2/15/14,2599243,910089,1.1,2863127.0,0:01:11,0.8454999999999999,3667004,1.3
2/16/14,2585078,998619,1.1,2838350.0,0:01:26,0.8529000000000001,3744089,1.35
2/17/14,2857751,1062361,1.08,3097132.0,0:01:22,0.8514,4052425,1.31
2/18/14,2443430,881759,1.12,2730982.0,0:01:20,0.8277,3823926,1.37
2/19/14,2319488,874677,1.1,2541025.0,0:01:01,0.851,3325632,1.3
2/20/14,2500089,913630,1.08,2714464.0,0:01:10,0.8251000000000001,3573402,1.35
2/21/14,2131804,733029,1.08,2312525.0,0:01:13,0.83,2918187,1.3
2/22/14,1699777,609087,1.08,1827996.0,0:00:59,0.8588,2560296,1.33
2/23/14,1781225,633875,1.07,1905080.0,0:02:03,0.8178,3127415,1.71
2/24/14,2503630,864053,1.09,2733735.0,0:01:26,0.8083,3702794,1.35
2/25/14,3725345,1349198,1.1,4088214.0,0:01:19,0.8199,5277513,1.3
2/26/14,2882539,1044655,1.11,3185228.0,0:01:14,0.8022,4283678,1.35
2/27/14,2560290,871136,1.09,2780536.0,0:01:29,0.785,3801902,1.36
2/28/14,2670067,917171,1.11,2973247.0,0:02:16,0.7487999999999999,4286431,1.46
3/1/14,1958285,665746,1.1,2155604.0,0:01:22,0.7565999999999999,3171463,1.47
3/2/14,1721025,520557,1.13,1946376.0,0:01:28,0.7981999999999999,2615356,1.35
3/3/14,3243742,1150891,1.14,3711053.0,0:01:28,0.7929,5038002,1.34
3/4/14,3562450,1427105,1.09,3870727.0,0:01:07,0.8271,5032496,1.29
3/5/14,2939198,1154432,1.1,3218264.0,0:00:57,0.7898999999999999,4019389,1.25
3/6/14,3417261,1356281,1.12,3818420.0,0:01:40,0.8256,4936140,1.28
3/7/14,4005100,1497929,1.11,4451611.0,0:01:18,0.8194,6230053,1.42
3/8/14,2762138,1083608,1.13,3110897.0,0:01:22,0.802,4982942,1.71
3/9/14,2110557,743653,1.1,2315278.0,0:00:45,0.8517,2978753,1.28
3/10/14,2493007,885301,1.09,2719970.0,0:01:15,0.8384999999999999,3826679,1.44
3/11/14,3226036,1104855,1.11,3578908.0,0:01:15,0.8526,4922375,1.28
3/12/14,2882539,1019866,1.14,3298102.0,0:01:17,0.8303,4547967,1.33
3/13/14,2241581,800312,1.11,2480459.0,0:01:00,0.8271,3364174,1.3
3/14/14,2153051,655122,1.11,2397869.0,0:01:03,0.8271999999999999,3405469,1.36
3/15/14,1607706,552428,1.07,1728888.0,0:01:14,0.8258,2260218,1.3
3/16/14,1834343,552428,1.09,1993177.0,0:01:30,0.8046,2904422,1.42
3/17/14,2174298,683452,1.11,2419893.0,0:01:41,0.7936,3581661,1.52
3/18/14,1834343,552428,1.11,2045484.0,0:01:27,0.7972,2830091,1.35
3/19/14,2248664,793229,1.09,2458435.0,0:01:13,0.8256,3298102,1.3
3/20/14,3789087,1572294,1.1,4151534.0,0:00:55,0.8695,5236218,1.26
3/21/14,3013563,1204009,1.09,3276078.0,0:01:09,0.797,4581003,1.4
3/22/14,2213252,910089,1.1,2439164.0,0:01:35,0.7678,3851456,1.59
3/23/14,1721025,637416,1.1,1896821.0,0:01:15,0.8004000000000001,2989765,1.56
3/24/14,3123341,1122561,1.1,3446764.0,0:01:29,0.8039000000000001,4773713,1.41
3/25/14,2900245,1069443,1.09,3146686.0,0:01:03,0.8210999999999999,4487400,1.32
3/26/14,2946281,910089,1.1,3251301.0,0:01:39,0.8170000000000001,5448200,1.6
3/27/14,2057439,761359,1.1,2262971.0,0:01:32,0.8028,3686276,1.7
3/28/14,2609866,895924,1.1,2868633.0,0:01:27,0.8271999999999999,3972588,1.36
3/29/14,3735969,1593541,1.11,4135016.0,0:01:43,0.8219,5852892,1.42
3/30/14,3495167,1434187,1.12,3909269.0,0:01:23,0.8388,5329820,1.36
3/31/14,4695635,1770601,1.15,5420670.0,0:01:18,0.8223,7452388,1.35
4/1/14,5173697,2039733,1.1,5712488.0,0:01:37,0.8061,7991977,1.41
4/2/14,3413719,1313786,1.1,3763360.0,0:01:13,0.8334999999999999,5343585,1.41
4/3/14,2779844,966748,1.11,3086120.0,0:01:11,0.805,4220359,1.33
4/4/14,2192004,757817,1.1,2406128.0,0:01:24,0.85,3204499,1.36
4/5/14,1745813,587840,1.12,1954635.0,0:01:29,0.846,3069602,1.61
4/6/14,1781225,651581,1.15,2045484.0,0:02:14,0.7746999999999999,3490812,1.82
4/7/14,2142428,750735,1.09,2331796.0,0:01:36,0.8058,3779878,1.65
4/8/14,3367684,1204009,1.1,3705547.0,0:01:13,0.8423,5106827,1.34
4/9/14,3955523,1540423,1.08,4275419.0,0:01:23,0.8278,6128192,1.46
4/10/14,3891782,1604165,1.08,4195582.0,0:01:05,0.8464,5913458,1.43
4/11/14,2276993,924254,1.09,2477706.0,0:01:15,0.83,3573402,1.37
4/12/14,1536882,587840,1.09,1668322.0,0:01:14,0.828,2422646,1.46
4/13/14,1848508,602004,1.16,2139086.0,0:01:53,0.8046,3471541,1.55
4/14/14,2539042,949042,1.1,2797054.0,0:01:29,0.8025,4118498,1.48
4/15/14,2967528,1069443,1.11,3281584.0,0:01:59,0.8058,4911363,1.51
4/16/14,2365523,927795,1.09,2576814.0,0:01:42,0.8146,4157040,1.65
4/17/14,1905167,669287,1.09,2084026.0,0:01:33,0.7653,3210005,1.5
4/18/14,2581537,987996,1.09,2813573.0,0:01:06,0.8136,3752348,1.34
4/19/14,2007862,640958,1.1,2216170.0,0:01:23,0.8259000000000001,3152192,1.4
4/20/14,1802472,626793,1.11,2006942.0,0:01:57,0.8219,3317373,1.75
4/21/14,2160134,736570,1.11,2392363.0,0:01:23,0.7781,3589920,1.5
4/22/14,1937038,655122,1.1,2122568.0,0:01:15,0.8264,2995271,1.36
4/23/14,2202628,722405,1.13,2491471.0,0:02:05,0.7937000000000001,3876233,1.58
4/24/14,2170757,810935,1.13,2455682.0,0:01:28,0.8312,3466035,1.43
4/25/14,2160134,672829,1.14,2461188.0,0:01:42,0.8058,3449517,1.36
4/26/14,2011403,722405,1.16,2331796.0,0:01:42,0.7888,3223770,1.41
4/27/14,2014944,637416,1.12,2260218.0,0:01:18,0.8181999999999999,3292596,1.49
4/28/14,2149510,690535,1.1,2362079.0,0:01:20,0.8351000000000001,3210005,1.31
4/29/14,1735189,555969,1.1,1905080.0,0:01:31,0.8048000000000001,3050331,1.48
4/30/14,3063140,1200468,1.11,3397210.0,0:01:43,0.78,5049014,1.46
5/1/14,4146748,1859131,1.09,4523189.0,0:01:21,0.8075,6499848,1.45
5/2/14,2755056,1090690,1.09,3003530.0,0:01:10,0.8101,4184570,1.41
5/3/14,1543964,577216,1.14,1753665.0,0:01:27,0.8384,2364832,1.37
5/4/14,1157973,375367,1.16,1343467.0,0:01:54,0.7441,2218923,1.67
5/5/14,1975991,570134,1.13,2232688.0,0:01:32,0.7861,3314620,1.46
5/6/14,2291158,686993,1.12,2571308.0,0:01:38,0.8003,3909269,1.45
5/7/14,2535501,828641,1.13,2860374.0,0:01:18,0.8292,3942305,1.37
5/8/14,2546125,952584,1.09,2777783.0,0:01:21,0.8204,3994612,1.39
5/9/14,2110557,761359,1.11,2345561.0,0:01:42,0.8115000000000001,3540366,1.49
5/10/14,2333653,963207,1.1,2565802.0,0:01:51,0.8123999999999999,3730324,1.43
5/11/14,1898085,729488,1.11,2106050.0,0:01:56,0.7831999999999999,3207252,1.58
5/12/14,2932116,1189844,1.12,3284337.0,0:01:45,0.8093,4589262,1.37
5/13/14,2925033,1299621,1.1,3223770.0,0:01:17,0.8222,4859056,1.46
5/14/14,2415100,1072984,1.1,2651145.0,0:01:39,0.7970999999999999,3945058,1.52
5/15/14,2280535,860512,1.11,2543778.0,0:01:20,0.8231,3777125,1.45
5/16/14,1922873,676370,1.12,2147345.0,0:01:58,0.7842,3157698,1.49
5/17/14,1349198,442650,1.13,1525166.0,0:01:24,0.8005,2329043,1.49
5/18/14,1349198,442650,1.14,1538931.0,0:01:47,0.7746999999999999,2271230,1.39
5/19/14,1643118,570134,1.14,1880303.0,0:01:25,0.7985,2626368,1.34
5/20/14,2383229,835724,1.13,2695193.0,0:01:53,0.8058,3950564,1.41
5/21/14,2060980,796771,1.11,2282242.0,0:01:54,0.8106,3468788,1.52
5/22/14,1674989,591381,1.14,1916092.0,0:01:10,0.8115000000000001,2637380,1.37
5/23/14,1522717,548886,1.13,1715123.0,0:01:41,0.7686,2560296,1.41
5/24/14,1593541,552428,1.15,1836255.0,0:01:44,0.7761,2821832,1.49
5/25/14,1522717,513474,1.12,1698605.0,0:01:41,0.8312999999999999,2254712,1.31
5/26/14,1416481,499310,1.14,1610509.0,0:01:18,0.8264,2202405,1.35
5/27/14,2117639,704699,1.11,2348314.0,0:01:26,0.8027,3584414,1.51
5/28/14,3130423,1115479,1.14,3554131.0,0:01:23,0.8108,4919622,1.37
5/29/14,2638196,987996,1.1,2904422.0,0:01:14,0.8244,3917528,1.33
5/30/14,2284076,768441,1.13,2582320.0,0:01:43,0.823,4000118,1.59
5/31/14,1869755,694076,1.13,2108803.0,0:01:28,0.8101,3132921,1.48
6/1/14,2347817,913630,1.14,2670416.0,0:01:39,0.8037000000000001,3669757,1.39
6/2/14,2772762,991537,1.11,3091626.0,0:01:53,0.8167,4308455,1.36
6/3/14,2893163,1062361,1.11,3210005.0,0:01:22,0.7970999999999999,4448858,1.41
6/4/14,2351359,803853,1.12,2626368.0,0:01:27,0.7898000000000001,3801902,1.44
6/5/14,3222494,1260668,1.12,3609191.0,0:01:50,0.7988,5112333,1.44
6/6/14,4221114,1664365,1.11,4682864.0,0:01:25,0.8367,6659522,1.45
6/7/14,3902405,1593541,1.09,4236877.0,0:01:52,0.8386,6378716,1.53
6/8/14,2910869,1179220,1.12,3245795.0,0:02:17,0.8157,4603027,1.37
6/9/14,4504410,1784766,1.1,4947152.0,0:01:54,0.8189,7160570,1.47
6/10/14,4412339,1728107,1.11,4908610.0,0:01:57,0.8117,8063556,1.64
6/11/14,2988775,1129644,1.12,3347656.0,0:02:20,0.7981,5817102,1.68
6/12/14,2836503,1002160,1.1,3113650.0,0:01:44,0.7929,4878327,1.54
6/13/14,3095011,1019866,1.13,3482553.0,0:02:17,0.8049,5657428,1.62
6/14/14,1777684,555969,1.18,2097791.0,0:01:48,0.7973,3347656,1.59
6/15/14,1451893,382450,1.19,1726135.0,0:01:45,0.7926000000000001,2582320,1.45
6/16/14,1951203,584298,1.17,2284995.0,0:02:22,0.7674,3600932,1.56
6/17/14,2319488,796771,1.15,2673169.0,0:02:11,0.7907,3730324,1.4
6/18/14,1674989,520557,1.11,1863785.0,0:01:45,0.8194,2728229,1.48
6/19/14,1830802,548886,1.14,2084026.0,0:01:45,0.8065000000000001,2926446,1.43
6/20/14,1501470,499310,1.15,1723382.0,0:02:10,0.7844,2477706,1.46
6/21/14,1614788,421403,1.16,1866538.0,0:02:10,0.7666,2794301,1.48
6/22/14,2018486,570134,1.18,2378598.0,0:01:43,0.7454999999999999,3512836,1.43
6/23/14,2117639,694076,1.16,2458435.0,0:02:16,0.7622,3614697,1.49
6/24/14,2369065,708241,1.14,2708958.0,0:01:38,0.7961,3719312,1.35
6/25/14,1997238,623252,1.13,2260218.0,0:01:56,0.7731,3463282,1.51
6/26/14,1604165,421403,1.15,1847267.0,0:01:21,0.8218000000000001,2400622,1.27
6/27/14,2184922,690535,1.12,2458435.0,0:02:26,0.8284999999999999,3311867,1.34
6/28/14,2184922,690535,1.11,2419893.0,0:01:22,0.8509,3154945,1.32
6/29/14,2170757,694076,1.12,2441917.0,0:02:01,0.8462000000000001,3570649,1.55
6/30/14,1965367,754276,1.12,2191393.0,0:01:32,0.8432999999999999,2909928,1.36
7/1/14,2202628,662205,1.09,2400622.0,0:01:28,0.8451000000000001,3075108,1.31
7/2/14,1951203,616169,1.12,2177628.0,0:02:00,0.8081,3366927,1.58
7/3/14,1752895,563051,1.11,1946376.0,0:01:40,0.8255,2607097,1.38
7/4/14,1242962,396615,1.11,1373750.0,0:01:45,0.8170000000000001,1940869,1.44
7/5/14,1232339,354120,1.15,1420551.0,0:01:40,0.813,2031719,1.4
7/6/14,1310245,446192,1.1,1437069.0,0:01:36,0.7783,2012448,1.41
7/7/14,2415100,789688,1.12,2706205.0,0:01:36,0.8234999999999999,3727571,1.39
7/8/14,2528419,888842,1.12,2827338.0,0:01:21,0.8184999999999999,3565143,1.25
7/9/14,2075145,768441,1.12,2323537.0,0:01:39,0.8311,3364174,1.42
7/10/14,1830802,616169,1.13,2073014.0,0:02:00,0.8034,3105391,1.46
7/11/14,2220334,711782,1.13,2499730.0,0:01:47,0.8101999999999999,3518342,1.37
7/12/14,1876837,594922,1.14,2136333.0,0:01:12,0.8209000000000001,2764018,1.3
7/13/14,1590000,555969,1.15,1827996.0,0:01:19,0.8062,2439164,1.32
7/14/14,1466058,442650,1.12,1646298.0,0:01:58,0.7828,2444670,1.53
7/15/14,1706860,520557,1.12,1907833.0,0:01:58,0.8033,2675922,1.43
7/16/14,2397394,821559,1.13,2708958.0,0:01:25,0.8026000000000001,3796396,1.41
7/17/14,2121180,722405,1.16,2452929.0,0:01:15,0.8195999999999999,3234782,1.33
7/18/14,1621871,474521,1.18,1910586.0,0:01:18,0.7926000000000001,2664910,1.36
7/19/14,1483764,531180,1.13,1671075.0,0:00:56,0.8644,2078520,1.22
7/20/14,1175679,368285,1.15,1354479.0,0:02:15,0.7859,1982165,1.43
7/21/14,1561670,563051,1.13,1767430.0,0:01:31,0.8056,2373091,1.36
7/22/14,1338575,396615,1.13,1516907.0,0:02:13,0.7804000000000001,2221676,1.42
7/23/14,1561670,531180,1.21,1894068.0,0:02:02,0.8,2708958,1.45
7/24/14,2004321,648040,1.18,2359326.0,0:03:26,0.7928000000000001,3270572,1.39
7/25/14,1940579,602004,1.15,2235441.0,0:01:19,0.8244,2838350,1.29
7/26/14,1933497,619710,1.16,2238194.0,0:01:39,0.7831999999999999,2992518,1.34
7/27/14,1373987,470980,1.13,1558202.0,0:01:37,0.825,2216170,1.44
7/28/14,1582918,481604,1.15,1814231.0,0:01:36,0.8242,2395116,1.32
7/29/14,1356281,339955,1.2,1629780.0,0:02:37,0.7587,2397869,1.53
7/30/14,1320869,460356,1.15,1514154.0,0:02:11,0.8037000000000001,2235441,1.51
7/31/14,1735189,605546,1.15,2001436.0,0:01:52,0.7947,2874139,1.38
8/1/14,2677149,1147350,1.14,3042072.0,0:01:15,0.8359000000000001,3983600,1.29
8/2/14,2801091,1140267,1.16,3243042.0,0:01:23,0.8417,4223112,1.28
8/3/14,2238040,747194,1.15,2563049.0,0:01:23,0.8356,3320126,1.3
8/4/14,2308864,818018,1.16,2670416.0,0:01:21,0.8223,3576155,1.32
8/5/14,1940579,697617,1.13,2188640.0,0:01:09,0.8479000000000001,2857621,1.24
8/6/14,1894543,708241,1.13,2130827.0,0:01:32,0.8472,2860374,1.32
8/7/14,1508552,587840,1.11,1671075.0,0:01:49,0.8114,2673169,1.67
8/8/14,1398775,548886,1.15,1605003.0,0:02:08,0.8146,2744747,1.77
8/9/14,1147350,414321,1.15,1324196.0,0:02:09,0.8101999999999999,2284995,1.8
8/10/14,991537,350579,1.12,1114968.0,0:02:05,0.8412999999999999,1679334,1.51
8/11/14,956125,290379,1.12,1068166.0,0:03:03,0.8344,1682087,1.61
8/12/14,1901626,651581,1.13,2150098.0,0:01:37,0.8056,3254054,1.55
8/13/14,2117639,800312,1.16,2450176.0,0:01:25,0.7977,3386198,1.39
8/14/14,1898085,655122,1.13,2147345.0,0:01:14,0.8416,3028307,1.41
8/15/14,3732428,1572294,1.12,4176311.0,0:01:07,0.8381000000000001,5384880,1.29
8/16/14,2910869,1225256,1.14,3309114.0,0:00:57,0.8631,4068943,1.22
8/17/14,2234499,885301,1.11,2488718.0,0:01:13,0.8406999999999999,3457776,1.36
8/18/14,2014944,733029,1.12,2260218.0,0:01:22,0.8466,3033813,1.35
8/19/14,2043274,782606,1.14,2334549.0,0:01:35,0.8136,3292596,1.46
8/20/14,5506570,2956904,1.1,6042849.0,0:01:13,0.8448,7656111,1.26
8/21/14,8307662,4677929,1.1,9164758.0,0:01:13,0.8409,11639711,1.25
8/22/14,4415880,2046815,1.13,4982942.0,0:01:20,0.8409,6271349,1.25
8/23/14,3757216,1547506,1.12,4192829.0,0:01:28,0.8345,5368362,1.29
8/24/14,2914410,1136726,1.12,3276078.0,0:01:38,0.8259000000000001,4253395,1.32
8/25/14,2319488,881759,1.1,2543778.0,0:01:05,0.847,3198993,1.26
8/26/14,2468218,825100,1.16,2863127.0,0:01:46,0.8256999999999999,3790890,1.34
8/27/14,2315947,803853,1.14,2648392.0,0:01:25,0.8234999999999999,3793643,1.37
8/28/14,1975991,683452,1.12,2210664.0,0:01:35,0.8271999999999999,2854868,1.31
8/29/14,2971069,1048196,1.16,3438505.0,0:01:28,0.8495999999999999,4454364,1.3
8/30/14,3095011,1250045,1.11,3424740.0,0:01:13,0.8490000000000001,4278172,1.28
8/31/14,2914410,1041114,1.15,3339397.0,0:01:14,0.8409,4300196,1.31
9/1/14,2917951,1055278,1.11,3226523.0,0:01:25,0.841,4124004,1.3
9/2/14,3105635,1087149,1.14,3526601.0,0:01:12,0.8473999999999999,4462623,1.25
9/3/14,3063140,987996,1.16,3543119.0,0:01:23,0.8351999999999999,4630557,1.33
9/4/14,2914410,966748,1.15,3364174.0,0:01:25,0.8316,4330479,1.28
9/5/14,2698396,1012784,1.15,3105391.0,0:01:18,0.8438,4055178,1.29
9/6/14,2241581,779065,1.12,2505236.0,0:01:44,0.8161,3490812,1.39
9/7/14,2014944,612628,1.16,2329043.0,0:01:17,0.8389,3017295,1.3
9/8/14,1632494,520557,1.15,1869291.0,0:01:38,0.8390000000000001,2565802,1.39
9/9/14,2400935,934878,1.15,2750253.0,0:01:44,0.8301000000000001,3617450,1.32
9/10/14,2747973,1207550,1.12,3077861.0,0:02:08,0.8391,3934046,1.28
9/11/14,2199087,743653,1.14,2505236.0,0:01:19,0.8388,3408222,1.32
9/12/14,2298241,733029,1.16,2656651.0,0:01:32,0.8162,3622956,1.34
9/13/14,2000780,694076,1.16,2326290.0,0:01:40,0.8143,3020048,1.32
9/14/14,1604165,502851,1.17,1877550.0,0:01:26,0.8131999999999999,2609850,1.42
9/15/14,1706860,502851,1.15,1951882.0,0:02:05,0.8116,2901669,1.54
9/16/14,1940579,609087,1.17,2276736.0,0:01:31,0.8258,3055837,1.33
9/17/14,2620490,949042,1.15,3014542.0,0:01:29,0.8321999999999999,3917528,1.3
9/18/14,2060980,672829,1.12,2298760.0,0:01:17,0.8613,3075108,1.33
9/19/14,1724566,594922,1.14,1965647.0,0:01:21,0.8288,2615356,1.33
9/20/14,1696236,644499,1.14,1927104.0,0:02:10,0.8018000000000001,2593332,1.37
9/21/14,1724566,640958,1.16,1998683.0,0:01:31,0.8316,2656651,1.35
9/22/14,3077305,1405857,1.09,3364174.0,0:01:30,0.8465,4603027,1.37
9/23/14,3551826,1795390,1.09,3873480.0,0:01:20,0.8437,5071038,1.28
9/24/14,3367684,1646659,1.12,3760607.0,0:01:13,0.8589,4762701,1.26
9/25/14,2291158,959666,1.1,2519001.0,0:00:52,0.8525,3042072,1.22
9/26/14,2294699,984454,1.13,2587826.0,0:01:18,0.8454,3499071,1.35
9/27/14,2361982,1076526,1.13,2659404.0,0:01:38,0.8256,3391704,1.28
9/28/14,2000780,789688,1.14,2273983.0,0:01:36,0.8212,3080614,1.37
9/29/14,2443430,945501,1.12,2733735.0,0:01:24,0.8096,3771619,1.37
9/30/14,2900245,1154432,1.16,3353162.0,0:01:31,0.8162999999999999,4448858,1.31
10/1/14,3275612,1526258,1.12,3661498.0,0:01:10,0.8308,4784725,1.3
10/2/14,2616949,1108396,1.08,2830091.0,0:01:22,0.8148000000000001,3969835,1.4
10/3/14,2369065,949042,1.14,2706205.0,0:01:27,0.8207,3716559,1.37
10/4/14,2301782,1019866,1.1,2532766.0,0:01:23,0.8422,3377939,1.3
10/5/14,1802472,662205,1.12,2020707.0,0:01:35,0.8109000000000001,2689687,1.35
10/6/14,2694855,1087149,1.15,3102638.0,0:01:21,0.8005,4272666,1.37
10/7/14,2432806,917171,1.18,2865880.0,0:01:54,0.8120999999999999,4192829,1.44
10/8/14,2337194,867595,1.14,2667663.0,0:01:27,0.8011,3664251,1.36
10/9/14,2995857,1370445,1.11,3314620.0,0:01:13,0.8558,4294690,1.3
10/10/14,3006481,1551047,1.08,3256807.0,0:01:03,0.8587,4148781,1.3
10/11/14,2358441,1193385,1.09,2568555.0,0:01:03,0.8690000000000001,3248548,1.27
10/12/14,1717483,743653,1.07,1844514.0,0:01:08,0.8484,2384104,1.29
10/13/14,1713942,718864,1.15,1973906.0,0:01:45,0.7814,2750253,1.42
10/14/14,1777684,655122,1.14,2017954.0,0:01:37,0.8210999999999999,2697946,1.35
10/15/14,1738731,531180,1.15,2004189.0,0:02:07,0.758,2907175,1.48
10/16/14,1745813,640958,1.13,1965647.0,0:01:50,0.8018000000000001,2664910,1.35
10/17/14,1412940,467439,1.17,1649051.0,0:01:29,0.8172,2221676,1.34
10/18/14,1122561,396615,1.15,1285654.0,0:01:44,0.7906,1789454,1.37
10/19/14,1448352,499310,1.25,1805972.0,0:02:09,0.7881999999999999,2640133,1.45
10/20/14,1806013,580757,1.23,2216170.0,0:01:46,0.7923,3069602,1.37
10/21/14,1873296,740111,1.18,2207911.0,0:01:31,0.8331000000000001,2998024,1.34
10/22/14,2163675,871136,1.13,2441917.0,0:01:38,0.8173999999999999,3419234,1.35
10/23/14,2662984,1119020,1.13,2998024.0,0:02:18,0.8076000000000001,4005624,1.36
10/24/14,2383229,970290,1.13,2700699.0,0:01:41,0.7795000000000001,3851456,1.43
10/25/14,1682071,598463,1.14,1921598.0,0:01:22,0.8026000000000001,2629121,1.35
10/26/14,3031270,1335033,1.13,3430246.0,0:01:14,0.8442000000000001,4355256,1.29
10/27/14,2415100,1051737,1.12,2711711.0,0:01:30,0.8406999999999999,3488059,1.3
10/28/14,2436347,913630,1.12,2725476.0,0:02:02,0.8195,3906516,1.4
10/29/14,2808174,1168597,1.15,3215511.0,0:01:30,0.826,4426834,1.4
10/30/14,2829421,1274833,1.12,3154945.0,0:01:18,0.8339,4173558,1.32
10/31/14,1979532,750735,1.16,2307019.0,0:01:24,0.8233,3022801,1.33
11/1/14,1678530,665746,1.23,2059249.0,0:01:51,0.8072,2797054,1.38
11/2/14,1742272,609087,1.12,1960141.0,0:01:41,0.7975,2681428,1.39
11/3/14,1728107,587840,1.14,1971153.0,0:01:19,0.8151,2576814,1.28
11/4/14,1614788,616169,1.14,1836255.0,0:01:53,0.7958,2750253,1.5
11/5/14,1434187,449733,1.16,1665569.0,0:01:51,0.7962,2337302,1.37
11/6/14,1526258,499310,1.2,1827996.0,0:02:02,0.7984,2626368,1.39
11/7/14,1430646,502851,1.1,1577473.0,0:01:13,0.8157,2122568,1.33
11/8/14,1165056,424944,1.17,1368244.0,0:02:08,0.8264,1899574,1.36
11/9/14,1065902,368285,1.17,1247112.0,0:01:58,0.7898000000000001,1786701,1.46
11/10/14,1083608,336414,1.15,1244359.0,0:01:28,0.792,1701358,1.36
11/11/14,1172138,389532,1.12,1315937.0,0:01:35,0.8140000000000001,1833502,1.38
11/12/14,995078,318708,1.15,1145251.0,0:01:41,0.7809,1682087,1.5
11/13/14,927795,361203,1.15,1068166.0,0:01:50,0.8106,1511400,1.36
11/14/14,814477,254967,1.23,1002094.0,0:02:07,0.7739,1555449,1.52
11/15/14,1083608,435568,1.2,1299419.0,0:01:27,0.8311,1756418,1.32
11/16/14,1250045,520557,1.11,1387515.0,0:01:28,0.8418000000000001,1797713,1.27
11/17/14,931336,336414,1.14,1062660.0,0:01:10,0.8332999999999999,1340714,1.29
11/18/14,1026949,400156,1.14,1167275.0,0:01:29,0.8484999999999999,1569214,1.38
11/19/14,1745813,725947,1.14,1982165.0,0:01:34,0.8393,2626368,1.34
11/20/14,2330111,1087149,1.08,2510742.0,0:01:04,0.8519,3196240,1.25
11/21/14,1434187,648040,1.1,1582979.0,0:01:06,0.8591,2114309,1.33
11/22/14,1494388,633875,1.09,1632533.0,0:01:03,0.8482,2097791,1.26
11/23/14,1915791,864053,1.11,2125321.0,0:01:07,0.855,2667663,1.24
11/24/14,1880379,793229,1.11,2078520.0,0:01:03,0.8569,2651145,1.23
11/25/14,1908708,924254,1.12,2144592.0,0:00:48,0.8645,2648392,1.23
11/26/14,2337194,1072984,1.1,2568555.0,0:01:03,0.8691,3254054,1.25
11/27/14,1582918,701158,1.09,1728888.0,0:01:10,0.8462999999999999,2293254,1.32
11/28/14,1211091,478062,1.11,1337961.0,0:01:35,0.8175,1775689,1.33
11/29/14,1225256,467439,1.15,1412292.0,0:01:35,0.7995,1852773,1.34
11/30/14,1299621,506392,1.19,1544437.0,0:01:10,0.8601000000000001,1951882,1.24
12/1/14,1168597,481604,1.17,1365491.0,0:01:20,0.8390000000000001,1759171,1.29
12/2/14,1179220,513474,1.13,1335208.0,0:01:32,0.8806,1803219,1.37
12/3/14,1111938,396615,1.14,1266383.0,0:01:07,0.8351999999999999,1684840,1.34
12/4/14,1738731,786147,1.12,1940869.0,0:01:29,0.8011,2557543,1.33
12/5/14,1480223,633875,1.1,1627027.0,0:01:18,0.8671,2042731,1.26
12/6/14,1505011,679911,1.14,1709617.0,0:01:25,0.8281999999999999,2229935,1.31
12/7/14,2383229,1150891,1.1,2631874.0,0:01:03,0.8789,3262313,1.25
12/8/14,2298241,1172138,1.05,2417140.0,0:00:51,0.8902,2901669,1.21
12/9/14,2439889,1225256,1.1,2675922.0,0:01:05,0.8823000000000001,3289843,1.22
12/10/14,1834343,842806,1.11,2045484.0,0:01:02,0.87,2568555,1.24
12/11/14,1214633,499310,1.11,1348973.0,0:00:57,0.8556,1684840,1.28
12/12/14,1175679,453274,1.1,1291160.0,0:00:47,0.8658,1525166,1.2
12/13/14,1097773,424944,1.1,1211323.0,0:01:06,0.8743000000000001,1464599,1.23
12/14/14,1894543,832183,1.13,2136333.0,0:01:17,0.8059999999999999,2802560,1.32
12/15/14,1540423,637416,1.13,1739900.0,0:01:21,0.8187000000000001,2196899,1.3
12/16/14,1951203,849889,1.15,2246453.0,0:01:44,0.8706999999999999,2739241,1.23
12/17/14,2521336,1246503,1.08,2719970.0,0:00:59,0.8815000000000001,3221017,1.19
12/18/14,2209710,987996,1.1,2430905.0,0:01:00,0.8675,2923693,1.21
12/19/14,2131804,998619,1.08,2307019.0,0:00:46,0.8804000000000001,2739241,1.2
12/20/14,1200468,545345,1.11,1337961.0,0:00:57,0.87,1668322,1.26
12/21/14,1540423,701158,1.11,1709617.0,0:00:53,0.8714,2111556,1.23
12/22/14,1299621,559510,1.08,1404033.0,0:00:37,0.9068,1629780,1.13
12/23/14,1104855,414321,1.14,1266383.0,0:01:20,0.8459,1632533,1.27
12/24/14,1048196,396615,1.12,1172781.0,0:01:38,0.8338,1560955,1.32
12/25/14,584298,187684,1.1,641450.0,0:01:41,0.8343,828655,1.29
12/26/14,771982,262049,1.17,908492.0,0:00:43,0.8515999999999999,1167275,1.21
12/27/14,984454,354120,1.1,1079178.0,0:01:12,0.8361,1527919,1.36
12/28/14,1373987,555969,1.11,1530672.0,0:00:59,0.8356,2084026,1.31
12/29/14,2372606,1058820,1.1,2607097.0,0:01:03,0.8533,3201746,1.24
12/30/14,2174298,1119020,1.06,2309772.0,0:01:19,0.8576,2976000,1.28
12/31/14,1239421,478062,1.1,1359985.0,0:00:49,0.8645999999999999,1726135,1.26
1/1/15,899465,315167,1.17,1048895.0,0:01:19,0.8181999999999999,1370997,1.28
1/2/15,1299621,492227,1.11,1439822.0,0:01:30,0.8305,1891315,1.32
1/3/15,1405857,609087,1.08,1514154.0,0:01:17,0.8337,1957388,1.29
1/4/15,1285457,517016,1.11,1428810.0,0:01:14,0.8684999999999999,1781195,1.24
1/5/15,1200468,488686,1.09,1313184.0,0:00:50,0.8652,1682087,1.24
1/6/15,1211091,577216,1.08,1304925.0,0:00:41,0.8641,1577473,1.23
1/7/15,1069443,417862,1.1,1172781.0,0:01:07,0.8127,1519660,1.31
1/8/15,1246503,545345,1.09,1362738.0,0:01:15,0.8416,1756418,1.3
1/9/15,1140267,481604,1.12,1274642.0,0:01:08,0.8528,1627027,1.3
1/10/15,938419,421403,1.13,1059907.0,0:01:24,0.8428,1362738,1.31
1/11/15,1069443,449733,1.06,1131486.0,0:01:08,0.8531,1456340,1.31
1/12/15,1250045,463898,1.08,1348973.0,0:01:10,0.8714,1679334,1.27
1/13/15,2670067,1338575,1.06,2841103.0,0:00:59,0.8604999999999999,3622956,1.3
1/14/15,2507172,1218174,1.06,2651145.0,0:00:35,0.8692,3201746,1.2
1/15/15,2245123,1037572,1.08,2417140.0,0:02:02,0.8606999999999999,3182475,1.33
1/16/15,1267751,517016,1.11,1415045.0,0:00:53,0.8271,1775689,1.25
1/17/15,1618330,612628,1.14,1844514.0,0:01:40,0.8503000000000001,2378598,1.32
1/18/15,1366904,527639,1.12,1538931.0,0:01:28,0.8271999999999999,2100544,1.38
1/19/15,1278374,481604,1.08,1382009.0,0:01:32,0.8281999999999999,1863785,1.35
1/20/15,1218174,463898,1.16,1412292.0,0:01:18,0.8345999999999999,1814231,1.26
1/21/15,1204009,439109,1.07,1291160.0,0:01:04,0.8493,1638039,1.25
1/22/15,1168597,428486,1.13,1324196.0,0:01:22,0.8316,1778442,1.34
1/23/15,1104855,424944,1.14,1255371.0,0:01:13,0.8140999999999999,1706864,1.35
1/24/15,1115479,371826,1.18,1313184.0,0:01:43,0.7978000000000001,1660063,1.29
1/25/15,1505011,517016,1.16,1742653.0,0:01:38,0.8008,2406128,1.43
1/26/15,1505011,517016,1.13,1698605.0,0:01:18,0.8583,2125321,1.24
1/27/15,1505011,584298,1.1,1660063.0,0:01:09,0.8465,2139086,1.28
1/28/15,1165056,428486,1.1,1282901.0,0:01:22,0.7901,1924351,1.49
1/29/15,1207550,499310,1.12,1354479.0,0:01:41,0.812,1822490,1.33
1/30/15,1540423,686993,1.09,1679334.0,0:00:57,0.865,2050990,1.23
1/31/15,1593541,679911,1.1,1756418.0,0:01:15,0.8427,2293254,1.3
2/1/15,1968909,818018,1.11,2183134.0,0:00:52,0.8571,2695193,1.23
2/2/15,2167216,853430,1.14,2474953.0,0:01:06,0.8498,3055837,1.25
2/3/15,1561670,644499,1.09,1701358.0,0:01:24,0.8125,2229935,1.36
2/4/15,1650200,686993,1.09,1803219.0,0:00:36,0.8703,2163863,1.2
2/5/15,1196927,470980,1.08,1293913.0,0:01:00,0.8603000000000001,1673828,1.25
2/6/15,1143808,453274,1.16,1326949.0,0:01:13,0.8373,1866538,1.41
2/7/15,1246503,495768,1.11,1382009.0,0:01:26,0.8436,1833502,1.37
2/8/15,1735189,704699,1.14,1979412.0,0:01:27,0.8265,2554790,1.3
2/9/15,2298241,1072984,1.13,2593332.0,0:01:20,0.8390000000000001,3523848,1.38
2/10/15,1600624,605546,1.1,1767430.0,0:01:07,0.8656999999999999,2150098,1.21
2/11/15,1487305,594922,1.13,1676581.0,0:01:14,0.846,2053743,1.25
2/12/15,1115479,449733,1.07,1189299.0,0:00:54,0.8393,1492129,1.25
2/13/15,1037572,389532,1.1,1142498.0,0:01:09,0.8606999999999999,1461846,1.26
2/14/15,1806013,722405,1.11,2004189.0,0:01:04,0.8640000000000001,2485965,1.24
2/15/15,1508552,616169,1.1,1660063.0,0:01:11,0.8826999999999999,2268477,1.28
2/16/15,1501470,633875,1.07,1610509.0,0:01:10,0.8198000000000001,2139086,1.36
2/17/15,1292539,517016,1.12,1442575.0,0:01:19,0.8526,1841761,1.3
2/18/15,1250045,442650,1.14,1420551.0,0:00:57,0.8678,1737147,1.22
2/19/15,1940579,871136,1.06,2064755.0,0:01:11,0.8388,2640133,1.32
2/20/15,1724566,609087,1.1,1891315.0,0:01:03,0.8390000000000001,2403375,1.28
2/21/15,1466058,506392,1.13,1649051.0,0:01:17,0.8305,2210664,1.31
2/22/15,1182762,470980,1.11,1313184.0,0:01:05,0.8543999999999999,1668322,1.22
2/23/15,1310245,478062,1.11,1448081.0,0:01:02,0.8753,1792207,1.25
2/24/15,1264209,520557,1.06,1335208.0,0:00:58,0.8541,1698605,1.28
2/25/15,2266370,1058820,1.07,2419893.0,0:00:31,0.9122,2744747,1.13
2/26/15,1366904,573675,1.11,1511400.0,0:00:57,0.8665,1844514,1.19
2/27/15,1147350,442650,1.09,1247112.0,0:01:07,0.8693000000000001,1552696,1.26
2/28/15,864053,329332,1.07,925010.0,0:01:29,0.8276,1382009,1.57
3/1/15,1034031,343497,1.11,1148004.0,0:01:44,0.8240999999999999,1654557,1.5
3/2/15,1593541,633875,1.1,1750912.0,0:01:12,0.8645999999999999,2205158,1.27
3/3/15,1480223,584298,1.08,1596744.0,0:01:17,0.8293,2064755,1.3
3/4/15,1189844,502851,1.1,1313184.0,0:01:04,0.8895000000000001,1673828,1.27
3/5/15,1483764,665746,1.07,1580226.0,0:01:03,0.8277,2078520,1.31
3/6/15,1055278,410780,1.08,1142498.0,0:01:09,0.8545,1459093,1.29
3/7/15,1271292,570134,1.08,1365491.0,0:01:05,0.8264,1695852,1.25
3/8/15,934878,389532,1.14,1065413.0,0:01:47,0.8306,1486623,1.45
3/9/15,1214633,453274,1.11,1348973.0,0:01:45,0.8451000000000001,1781195,1.38
3/10/15,1398775,648040,1.06,1475611.0,0:00:52,0.8609,1778442,1.23
3/11/15,1405857,686993,1.04,1461846.0,0:00:25,0.8741,1789454,1.18
3/12/15,1207550,474521,1.1,1324196.0,0:01:05,0.8636,1698605,1.26
3/13/15,1179220,506392,1.08,1269136.0,0:00:47,0.8356999999999999,1613262,1.28
3/14/15,1200468,520557,1.12,1346220.0,0:01:04,0.8789,1657310,1.24
3/15/15,1770601,818018,1.11,1968400.0,0:00:58,0.8399,2563049,1.26
3/16/15,1607706,761359,1.11,1789454.0,0:01:00,0.8416,2296007,1.31
3/17/15,1179220,520557,1.08,1271889.0,0:01:08,0.8663,1610509,1.26
3/18/15,1568753,669287,1.1,1723382.0,0:00:54,0.8745,2133580,1.23
3/19/15,1494388,747194,1.05,1569214.0,0:01:11,0.8375,1990424,1.29
3/20/15,1041114,463898,1.1,1142498.0,0:00:47,0.8509,1494882,1.29
3/21/15,980913,393073,1.09,1068166.0,0:01:22,0.8675,1464599,1.43
3/22/15,984454,417862,1.07,1057154.0,0:01:02,0.8591,1326949,1.29
3/23/15,1225256,570134,1.06,1299419.0,0:01:23,0.8473999999999999,1805972,1.41
3/24/15,1342116,619710,1.05,1412292.0,0:00:36,0.8697,1772936,1.17
3/25/15,1975991,885301,1.07,2122568.0,0:00:56,0.8514,2744747,1.26
3/26/15,1359822,598463,1.08,1464599.0,0:01:04,0.843,1916092,1.26
3/27/15,1239421,527639,1.05,1296666.0,0:00:57,0.8525,1657310,1.28
3/28/15,1012784,375367,1.09,1109462.0,0:01:03,0.8690000000000001,1365491,1.24
3/29/15,984454,424944,1.07,1057154.0,0:01:36,0.8120999999999999,1348973,1.32
3/30/15,1246503,538263,1.07,1340714.0,0:00:57,0.873,1662816,1.21
3/31/15,973831,410780,1.09,1062660.0,0:00:52,0.8667,1321443,1.21
4/1/15,786147,332873,1.06,836914.0,0:00:35,0.8559,1007600,1.21
4/2/15,1593541,757817,1.09,1737147.0,0:01:06,0.8737,2031719,1.17
4/3/15,1721025,771982,1.07,1847267.0,0:00:54,0.8678,2251959,1.23
4/4/15,1214633,552428,1.05,1274642.0,0:01:39,0.8667,1764677,1.44
4/5/15,888842,371826,1.09,969058.0,0:00:58,0.9051,1175534,1.2
4/6/15,945501,364744,1.1,1037883.0,0:01:13,0.8498,1315937,1.24
4/7/15,949042,442650,1.05,999341.0,0:00:46,0.8582,1211323,1.2
4/8/15,1260668,534722,1.09,1368244.0,0:00:31,0.8889,1635286,1.17
4/9/15,1108396,478062,1.05,1170028.0,0:00:58,0.8393999999999999,1486623,1.31
4/10/15,1069443,495768,1.04,1112215.0,0:00:40,0.8758,1321443,1.18
4/11/15,1083608,509933,1.03,1117721.0,0:01:05,0.8608,1431563,1.24
4/12/15,938419,382450,1.05,988329.0,0:01:00,0.871,1269136,1.23
4/13/15,938419,463898,1.09,1021365.0,0:01:58,0.8373999999999999,1591238,1.61
4/14/15,984454,488686,1.08,1068166.0,0:01:43,0.8405,1500388,1.45
4/15/15,747194,339955,1.08,809384.0,0:01:02,0.8509,1021365,1.29
4/16/15,1090690,520557,1.06,1150757.0,0:00:52,0.8584999999999999,1470105,1.23
4/17/15,722405,354120,1.03,748818.0,0:00:31,0.9005,880962,1.12
4/18/15,736570,315167,1.06,784607.0,0:00:34,0.8643000000000001,947034,1.18
4/19/15,552428,258508,1.11,613920.0,0:00:32,0.8786,773595,1.16
4/20/15,1611247,715323,1.07,1726135.0,0:00:50,0.8668,2012448,1.17
4/21/15,1260668,584298,1.08,1368244.0,0:00:44,0.8782,1646298,1.18
4/22/15,1175679,531180,1.06,1244359.0,0:00:42,0.9003,1470105,1.19
4/23/15,1271292,655122,1.06,1351726.0,0:01:09,0.877,1624274,1.2
4/24/15,1165056,591381,1.05,1222335.0,0:00:28,0.9014,1382009,1.14
4/25/15,1225256,598463,1.03,1269136.0,0:00:46,0.9022,1489376,1.17
4/26/15,779065,371826,1.09,850679.0,0:00:41,0.9042,1026871,1.25
4/27/15,878218,322249,1.09,958046.0,0:01:27,0.8443999999999999,1227841,1.27
4/28/15,1327951,644499,1.07,1428810.0,0:00:54,0.8834000000000001,1720629,1.15
4/29/15,1416481,757817,1.06,1494882.0,0:00:47,0.8909999999999999,1739900,1.18
4/30/15,885301,414321,1.07,947034.0,0:01:09,0.8764,1189299,1.26
